{
  "mean": [
    1.439001471454766,
    1.4153766992475987,
    0.41690918519490994,
    0.34209800724394,
    4.187288479761744,
    0.9471707052930824,
    5.01783538648978,
    2.9861242723703803
  ],
  "scale": [
    0.8632022934588044,
    1.465902901214464,
    0.2938722309270167,
    0.2879782123818813,
    4.120919802345599,
    1.307041326147723,
    5.4922493623092405,
    2.1292371174446907
  ],
  "features": [
    "screen_time_ratio",
    "late_night_usage_hrs",
    "social_media_frac",
    "educational_frac",
    "geofence_exits",
    "sos_count_7d",
    "blocked_bypass_count",
    "days_limit_exceeded"
  ],
  "labels": [
    "Safe",
    "Warning",
    "Danger"
  ]
}